INSERT INTO employees VALUES (2, 'Joshua Lau', '14 Marshall Road', 93487131, 'joshua.lau@gmail.com', '2020-06-01', NULL);
INSERT INTO employees VALUES (3, 'Michelle Tan', '11 Bedok Reservoir Road', 93883567, 'michelle.tan@gmail.com', '2020-07-01', NULL);
INSERT INTO employees VALUES (4, 'Angeline Hill', '240 Macpherson Road', 84026810, 'angeline.hill@gmail.com', '2018-06-01', NULL);
INSERT INTO employees VALUES (5, 'Thomas Hackett', '19 Hougang Street', 88726293, 'thomas.hackett@gmail.com', '2019-05-01', NULL);
INSERT INTO employees VALUES (10, 'Jennie Kozey', '438 Alexandra Road', 83428645, 'jennie.kozey@gmail.com', '2019-04-01', NULL);
INSERT INTO employees VALUES (11, 'Zander Chong', 'Blk 123 Toa Payoh', 93980294, 'zander.chong@gmail.com', '2018-01-01', NULL);
INSERT INTO employees VALUES (12, 'Katheryn Brenda', 'Blk 129 Bishan Ave 3', 80525852, 'katheryn.brenda@gmail.com', '2020-09-01', NULL);
INSERT INTO employees VALUES (13, 'Devan Boyle', 'Blk 44 Braddell Ave 1', 87336198, 'devan.boyle@gmail.com', '2020-10-01', NULL);
INSERT INTO employees VALUES (14, 'David Sim', '25 Tuas Avenue 13', 98977879, 'david.sim@gmail.com', '2020-10-01', NULL);
INSERT INTO employees VALUES (15, 'Joanna Neo', '391A Orchard Road', 92352568, 'joanna.neo@gmail.com', '2020-09-01', NULL);
INSERT INTO employees VALUES (16, 'Joey Chua', '414 Yishun Ring Rd', 87531197, 'joey.chua@gmail.com', '2020-08-01', NULL);
INSERT INTO employees VALUES (17, 'Joe Doe', '91 Defu Lane', 92803670, 'joe.doe@gmail.com', '2017-02-15', NULL);
INSERT INTO employees VALUES (18, 'Patrick Loh', '315 Outram Road', 83235333, 'patrick.loh@gmail.com', '2020-01-01', NULL);
INSERT INTO employees VALUES (19, 'Joella Tan', '370H Alexandra Road', 94766173, 'joella.tan@gmail.com', '2020-01-01', NULL);
INSERT INTO employees VALUES (20, 'Brenda Wong', '22 Kallang Ave', 91733252, 'brenda.wong@gmail.com', '2019-02-01', NULL);
INSERT INTO employees VALUES (21, 'Chloe Lim', '20 Prince Edward Road', 91733252, 'chloe.lim@gmail.com', '2020-02-01', NULL);
INSERT INTO employees VALUES (23, 'Jovin Seah', '53 Ubi Avenue 1', 87488977, 'jovin.seah@gmail.com', '2021-05-01', NULL);
INSERT INTO employees VALUES (24, 'Joshua Chan', '1 North Bridge Road', 94563049, 'joshua.chan@gmail.com', '2018-08-01', NULL);
INSERT INTO employees VALUES (27, 'Farihah Riduan', '83 Bedok Reservoir Gate', 90648144, 'farihah.riduan@gmail.com', '2021-09-01', NULL);
INSERT INTO employees VALUES (34, 'Historia Reiss', 'Blk 407b Fernvale Road', 82956254, 'historia.reiss@gmail.com', '2021-01-01', NULL);
INSERT INTO employees VALUES (35, 'Eren Yeager', '244 Westwood Ave', 97390470, 'eren.yeager@gmail.com', '2020-03-01', NULL);
INSERT INTO employees VALUES (36, 'Stephen Tan', '63 West Coast Rd', 92287290, 'stephen.tan@gmail.com', '2021-05-01', NULL);
INSERT INTO employees VALUES (37, 'Yxavion Lim', '709 Tampines Street 54', 86215290, 'yxavion.lim@gmail.com', '2020-01-01', NULL);
INSERT INTO employees VALUES (39, 'Stuart Yip', '87 Tiong Bahru Walk', 81885290, 'stuart.yip@gmail.com', '2021-07-01', NULL);
INSERT INTO employees VALUES (1, 'Sarah Tan', 'Blk 123 Ang Mo Kio', 90001010, 'sarah.tan@gmail.com', '2020-05-01', '2021-10-01');
INSERT INTO employees VALUES (6, 'Lowell Ward', '180B Bencoolen Street', 94517022, 'lowell.ward@gmail.com', '2019-05-01', '2022-05-01');
INSERT INTO employees VALUES (7, 'Aniya Covy', '24 Chapel Rd', 81613371, 'aniya.covy@gmail.com', '2019-05-11', '2019-08-01');
INSERT INTO employees VALUES (8, 'Howard Peter', '150F East Coast Road', 92903217, 'howard.peter@gmail.com', '2019-05-01', '2021-08-01');
INSERT INTO employees VALUES (9, 'Eugenia Haley', '15 Serangoon Road', 91839949, 'eugenia.haley@gmail.com', '2019-05-01', '2019-08-01');
INSERT INTO employees VALUES (22, 'Benjamin Kok', '81 Marine Parade Central', 84470579, 'benjamin.kok@gmail.com', '2020-06-01', '2021-12-01');
INSERT INTO employees VALUES (25, 'Justin Lim', '35 Kallang Pudding Road', 97416583, 'justin.lim@gmail.com', '2021-01-01', '2021-03-01');
INSERT INTO employees VALUES (26, 'Sean Fang', 'Blk 27 Bedok Street 77', 90872861, 'sean.fang@gmail.com', '2020-09-01', '2021-09-01');
INSERT INTO employees VALUES (28, 'Sarah Oh', 'Blk 15 Ang Mo Kio Street 19', 93232348, 'sarah.oh@gmail.com', '2020-08-01', '2022-02-01');
INSERT INTO employees VALUES (29, 'Beth Choi', 'Blk 342 Jurong West Street 10', 82653413, 'beth.choi@gmail.com', '2021-01-01', '2023-01-01');
INSERT INTO employees VALUES (30, 'Lindsey Yeoh', 'Blk 199 Lorong 7 Lok Yang', 85431443, 'lindsey.yeoh@gmail.com', '2021-01-01', '2023-01-01');
INSERT INTO employees VALUES (31, 'Stefanie Tan', '360 Orchard Road', 93381811, 'stefanie.tan@gmail.com', '2021-01-01', '2021-10-01');
INSERT INTO employees VALUES (32, 'Jared Wong', '7 Pasir Panjang Road', 91841170, 'jared.wong@gmail.com', '2021-02-01', '2021-08-01');
INSERT INTO employees VALUES (33, 'June Lim', '1 Brooke Rd', 97416583, 'june.lim@gmail.com', '2019-08-01', '2021-05-01');
INSERT INTO employees VALUES (38, 'Ma Chen', '7 Thomson View', 98255196, 'ma.chen@gmail.com', '2021-04-01', '2021-04-01');
INSERT INTO employees VALUES (40, 'Hasna Mohammad', 'Blk 43 Marine Parade Street 27', 98983211, 'hasna.mohammad@gmail.com', '2020-01-01', '2021-01-01');

INSERT INTO fulltimeemployees VALUES (3000.00, 1);
INSERT INTO fulltimeemployees VALUES (3000.00, 2);
INSERT INTO fulltimeemployees VALUES (3000.00, 3);
INSERT INTO fulltimeemployees VALUES (3000.00, 4);
INSERT INTO fulltimeemployees VALUES (3000.00, 5);
INSERT INTO fulltimeemployees VALUES (3000.00, 6);
INSERT INTO fulltimeemployees VALUES (3000.00, 7);
INSERT INTO fulltimeemployees VALUES (3000.00, 8);
INSERT INTO fulltimeemployees VALUES (3000.00, 9);
INSERT INTO fulltimeemployees VALUES (3000.00, 10);
INSERT INTO fulltimeemployees VALUES (4000.00, 11);
INSERT INTO fulltimeemployees VALUES (4000.00, 12);
INSERT INTO fulltimeemployees VALUES (4000.00, 13);
INSERT INTO fulltimeemployees VALUES (4000.00, 14);
INSERT INTO fulltimeemployees VALUES (4000.00, 15);
INSERT INTO fulltimeemployees VALUES (4000.00, 16);
INSERT INTO fulltimeemployees VALUES (4000.00, 17);
INSERT INTO fulltimeemployees VALUES (4000.00, 18);
INSERT INTO fulltimeemployees VALUES (4000.00, 19);
INSERT INTO fulltimeemployees VALUES (4000.00, 20);
INSERT INTO fulltimeemployees VALUES (5000.00, 21);
INSERT INTO fulltimeemployees VALUES (5000.00, 22);
INSERT INTO fulltimeemployees VALUES (5000.00, 23);
INSERT INTO fulltimeemployees VALUES (5000.00, 24);
INSERT INTO fulltimeemployees VALUES (5000.00, 25);
INSERT INTO fulltimeemployees VALUES (5000.00, 26);
INSERT INTO fulltimeemployees VALUES (5000.00, 27);
INSERT INTO fulltimeemployees VALUES (5000.00, 28);
INSERT INTO fulltimeemployees VALUES (5000.00, 29);
INSERT INTO fulltimeemployees VALUES (5000.00, 30);

INSERT INTO administrators VALUES (1);
INSERT INTO administrators VALUES (2);
INSERT INTO administrators VALUES (3);
INSERT INTO administrators VALUES (4);
INSERT INTO administrators VALUES (5);
INSERT INTO administrators VALUES (6);
INSERT INTO administrators VALUES (7);
INSERT INTO administrators VALUES (8);
INSERT INTO administrators VALUES (9);
INSERT INTO administrators VALUES (10);

INSERT INTO coursepackages VALUES (1, '2021-03-03', '2021-03-03', 1, '3-3 Sale Package', 100.00);
INSERT INTO coursepackages VALUES (2, '2021-04-01', '2021-04-15', 5, 'Flash Sale', 150.00);
INSERT INTO coursepackages VALUES (3, '2021-04-01', '2021-05-01', 6, 'Trial', 200.00);
INSERT INTO coursepackages VALUES (4, '2021-04-01', '2021-06-01', 7, 'Beginner Friendly', 300.00);
INSERT INTO coursepackages VALUES (5, '2021-04-01', '2021-07-01', 8, 'Best Value', 500.00);
INSERT INTO coursepackages VALUES (6, '2021-04-01', '2021-08-01', 9, 'Ultimate Edition', 1000.00);
INSERT INTO coursepackages VALUES (7, '2021-04-01', '2021-09-01', 10, 'Intermediate Package', 1300.00);
INSERT INTO coursepackages VALUES (8, '2021-04-01', '2021-10-01', 11, 'Comprehensive Package', 2000.00);
INSERT INTO coursepackages VALUES (9, '2021-04-01', '2021-11-01', 12, 'Expert Package', 2500.00);
INSERT INTO coursepackages VALUES (10, '2021-04-01', '2021-12-01', 13, 'Unlimited', 10000.00);

INSERT INTO customers VALUES (1, '13 Lor 8 Toa Payoh', 98264332, 'Xia Cheng', 'xiacheng@gmail.com');
INSERT INTO customers VALUES (2, '51 New Bridge Road', 82654397, 'Shi Hui Min', 'huimin96@yahoo.com');
INSERT INTO customers VALUES (3, '437 Tanjong Katong Rd', 89776527, 'Abdul Hazirah', 'itzhazirah@email.com');
INSERT INTO customers VALUES (4, 'Blk 32 Hougang Street 19', 93522165, 'Carole Tay', 'caroleee@me.com');
INSERT INTO customers VALUES (5, 'Blk 194 Tampines Street 16', 81234562, 'Diana Yusoff', 'dddofff@icloud.com');
INSERT INTO customers VALUES (6, '9 Jalan Selaseh', 99286426, 'Kristen Teoh', 'kristen123@gmail.com');
INSERT INTO customers VALUES (7, 'Blk 39 Bedok Street 75', 88261126, 'Alicia Tan', 'alistar73@outlook.com');
INSERT INTO customers VALUES (8, '82 Pandan Valley Circle', 89235761, 'Danish Yacob', 'dyacob@rocketmail.com');
INSERT INTO customers VALUES (9, 'Blk 49 Lorong 6 Buangkok', 99111836, 'Carter Shum', 'carter@ymail.com');
INSERT INTO customers VALUES (10, '30 Punggol Hill', 98183329, 'Yong See Kew Alvira', 'alviraysk@gmail.com');
INSERT INTO customers VALUES (11, 'Blk 616D Gleason Grove Place', 95026183, 'Sedrick Skiles', 'sedrick@gmail.com');
INSERT INTO customers VALUES (12, 'Blk 5 Jalan Boyer', 97763128, 'Beryl Carroll', 'beryl.carroll@icloud.com');
INSERT INTO customers VALUES (13, '50 Jalan Lateh', 96656111, 'Lexus Ratke', 'lexus_ratke@fastmail.com');
INSERT INTO customers VALUES (14, '487 Crescent Link', 81836428, 'Peggy Tan', 'peggy78@mail.com');
INSERT INTO customers VALUES (15, '3 Phillip Street', 82357968, 'Sheryl Goh', 'sherylgoh@gmail.com');
INSERT INTO customers VALUES (16, '320 Lavender St', 97966656, 'Sherman Heng', 'shermanhengah@ymail.com');
INSERT INTO customers VALUES (17, '1 Kaki Bukit View', 81265434, 'Lucy Cheng', 'luckylucy@mail.com');
INSERT INTO customers VALUES (18, '279 Balestier Road', 98126456, 'Fatimah Bte Ahmed', 'fatimah@gmail.com');
INSERT INTO customers VALUES (19, '101B Up Cross St', 99864564, 'Lashimi Ramasamy', 'lashimi@yahoo.com.sg');
INSERT INTO customers VALUES (20, 'Blk 120 Serangoon Gardens', 87271543, 'Sarah Tan', 'sarah_tan@hotmail.com.sg');
INSERT INTO customers VALUES (21, 'Blk 281 Lorong 4 Lok Yang', 94928027, 'Nabila Salleh', 'nabilasalleh@outlook.com');
INSERT INTO customers VALUES (22, '23 Simei Center', 90816006, 'Preeti Sun', 'preeti@me.com');
INSERT INTO customers VALUES (23, '65 Chong Pang Green', 82936537, 'Adi Wahid', 'adi_wahid@email.com');
INSERT INTO customers VALUES (24, '7 Teck Ghee Road', 92298531, 'Amanda Hong', 'amandahong@gmail.com');
INSERT INTO customers VALUES (25, '6 Choa Chu Kang Hill', 83553470, 'Hassan Nasser', 'hassan@me.com');

INSERT INTO creditcards VALUES ('4602659607038509', 725, '2022-01-01', 1);
INSERT INTO creditcards VALUES ('3487730179254246', 135, '2023-02-01', 2);
INSERT INTO creditcards VALUES ('4347465053571468', 355, '2024-03-01', 3);
INSERT INTO creditcards VALUES ('6011160715370157', 890, '2022-04-01', 4);
INSERT INTO creditcards VALUES ('5204007499487609', 447, '2023-05-01', 5);
INSERT INTO creditcards VALUES ('4209949185032728', 123, '2024-06-01', 6);
INSERT INTO creditcards VALUES ('3710753283744374', 865, '2022-07-01', 7);
INSERT INTO creditcards VALUES ('3674217885515676', 981, '2023-08-01', 8);
INSERT INTO creditcards VALUES ('5491129751647597', 236, '2024-09-01', 9);
INSERT INTO creditcards VALUES ('4246936242452879', 576, '2022-10-01', 10);
INSERT INTO creditcards VALUES ('3770148713541449', 282, '2023-11-01', 11);
INSERT INTO creditcards VALUES ('4716439600987074', 913, '2024-12-01', 12);
INSERT INTO creditcards VALUES ('4024007196118250', 642, '2022-12-01', 13);
INSERT INTO creditcards VALUES ('5598648621344095', 241, '2023-11-01', 14);
INSERT INTO creditcards VALUES ('4994864865055287', 173, '2024-10-01', 15);
INSERT INTO creditcards VALUES ('4255179226593710', 287, '2023-09-01', 16);
INSERT INTO creditcards VALUES ('3462414407196593', 752, '2022-08-01', 17);
INSERT INTO creditcards VALUES ('6346055242179659', 198, '2024-07-01', 18);
INSERT INTO creditcards VALUES ('4876053574214217', 953, '2023-06-01', 19);
INSERT INTO creditcards VALUES ('3283357111169600', 862, '2022-05-01', 20);
INSERT INTO creditcards VALUES ('4402703555407878', 218, '2024-04-01', 21);
INSERT INTO creditcards VALUES ('4713286671658115', 754, '2023-03-01', 22);
INSERT INTO creditcards VALUES ('5344835097660156', 893, '2022-02-01', 23);
INSERT INTO creditcards VALUES ('5392456596274919', 443, '2024-01-01', 24);
INSERT INTO creditcards VALUES ('3411892055157023', 369, '2023-12-01', 25);

INSERT INTO buys VALUES ('2021-04-10', 4, 2, 1, '4602659607038509');
INSERT INTO buys VALUES ('2021-04-10', 4, 2, 2, '3487730179254246');
INSERT INTO buys VALUES ('2021-04-10', 4, 3, 3, '4347465053571468');
INSERT INTO buys VALUES ('2021-04-10', 4, 4, 4, '6011160715370157');
INSERT INTO buys VALUES ('2021-04-10', 4, 5, 5, '5204007499487609');
INSERT INTO buys VALUES ('2021-04-10', 4, 6, 6, '4209949185032728');
INSERT INTO buys VALUES ('2021-04-10', 4, 7, 7, '3710753283744374');
INSERT INTO buys VALUES ('2021-04-10', 4, 8, 8, '3674217885515676');
INSERT INTO buys VALUES ('2021-04-10', 4, 9, 9, '5491129751647597');
INSERT INTO buys VALUES ('2021-04-10', 4, 10, 10, '4246936242452879');

INSERT INTO managers VALUES (11);
INSERT INTO managers VALUES (12);
INSERT INTO managers VALUES (13);
INSERT INTO managers VALUES (14);
INSERT INTO managers VALUES (15);
INSERT INTO managers VALUES (16);
INSERT INTO managers VALUES (17);
INSERT INTO managers VALUES (18);
INSERT INTO managers VALUES (19);
INSERT INTO managers VALUES (20);

INSERT INTO courseareas VALUES ('Algorithms and Theory', 11);
INSERT INTO courseareas VALUES ('Artificial Intelligence', 12);
INSERT INTO courseareas VALUES ('Game Design', 13);
INSERT INTO courseareas VALUES ('Computer Security', 14);
INSERT INTO courseareas VALUES ('Database Systems', 15);
INSERT INTO courseareas VALUES ('Computer Networking', 16);
INSERT INTO courseareas VALUES ('Parallel Computing', 17);
INSERT INTO courseareas VALUES ('Software Engineering', 18);
INSERT INTO courseareas VALUES ('Data Analytics', 19);
INSERT INTO courseareas VALUES ('Programming Languages', 20);

INSERT INTO instructors VALUES (21);
INSERT INTO instructors VALUES (22);
INSERT INTO instructors VALUES (23);
INSERT INTO instructors VALUES (24);
INSERT INTO instructors VALUES (25);
INSERT INTO instructors VALUES (26);
INSERT INTO instructors VALUES (27);
INSERT INTO instructors VALUES (28);
INSERT INTO instructors VALUES (29);
INSERT INTO instructors VALUES (30);
INSERT INTO instructors VALUES (31);
INSERT INTO instructors VALUES (32);
INSERT INTO instructors VALUES (33);
INSERT INTO instructors VALUES (34);
INSERT INTO instructors VALUES (35);
INSERT INTO instructors VALUES (36);
INSERT INTO instructors VALUES (37);
INSERT INTO instructors VALUES (38);
INSERT INTO instructors VALUES (39);
INSERT INTO instructors VALUES (40);

INSERT INTO fulltimeinstructors VALUES (21);
INSERT INTO fulltimeinstructors VALUES (22);
INSERT INTO fulltimeinstructors VALUES (23);
INSERT INTO fulltimeinstructors VALUES (24);
INSERT INTO fulltimeinstructors VALUES (25);
INSERT INTO fulltimeinstructors VALUES (26);
INSERT INTO fulltimeinstructors VALUES (27);
INSERT INTO fulltimeinstructors VALUES (28);
INSERT INTO fulltimeinstructors VALUES (29);
INSERT INTO fulltimeinstructors VALUES (30);

INSERT INTO parttimeemployees VALUES (3000.00, 31);
INSERT INTO parttimeemployees VALUES (3000.00, 32);
INSERT INTO parttimeemployees VALUES (3000.00, 33);
INSERT INTO parttimeemployees VALUES (3000.00, 34);
INSERT INTO parttimeemployees VALUES (3000.00, 35);
INSERT INTO parttimeemployees VALUES (3000.00, 36);
INSERT INTO parttimeemployees VALUES (3000.00, 37);
INSERT INTO parttimeemployees VALUES (3000.00, 38);
INSERT INTO parttimeemployees VALUES (3000.00, 39);
INSERT INTO parttimeemployees VALUES (3000.00, 40);

INSERT INTO parttimeinstructors VALUES (31);
INSERT INTO parttimeinstructors VALUES (32);
INSERT INTO parttimeinstructors VALUES (33);
INSERT INTO parttimeinstructors VALUES (34);
INSERT INTO parttimeinstructors VALUES (35);
INSERT INTO parttimeinstructors VALUES (36);
INSERT INTO parttimeinstructors VALUES (37);
INSERT INTO parttimeinstructors VALUES (38);
INSERT INTO parttimeinstructors VALUES (39);
INSERT INTO parttimeinstructors VALUES (40);


INSERT INTO specializations VALUES (21, 'Algorithms and Theory');
INSERT INTO specializations VALUES (21, 'Artificial Intelligence');
INSERT INTO specializations VALUES (22, 'Game Design');
INSERT INTO specializations VALUES (22, 'Computer Security');
INSERT INTO specializations VALUES (23, 'Database Systems');
INSERT INTO specializations VALUES (23, 'Computer Networking');
INSERT INTO specializations VALUES (24, 'Parallel Computing');
INSERT INTO specializations VALUES (24, 'Software Engineering');
INSERT INTO specializations VALUES (25, 'Data Analytics');
INSERT INTO specializations VALUES (25, 'Programming Languages');
INSERT INTO specializations VALUES (26, 'Algorithms and Theory');
INSERT INTO specializations VALUES (26, 'Game Design');
INSERT INTO specializations VALUES (27, 'Database Systems');
INSERT INTO specializations VALUES (27, 'Parallel Computing');
INSERT INTO specializations VALUES (28, 'Artificial Intelligence');
INSERT INTO specializations VALUES (28, 'Computer Security');
INSERT INTO specializations VALUES (29, 'Computer Networking');
INSERT INTO specializations VALUES (29, 'Software Engineering');
INSERT INTO specializations VALUES (30, 'Data Analytics');
INSERT INTO specializations VALUES (30, 'Programming Languages');
INSERT INTO specializations VALUES (31, 'Algorithms and Theory');
INSERT INTO specializations VALUES (31, 'Programming Languages');
INSERT INTO specializations VALUES (32, 'Artificial Intelligence');
INSERT INTO specializations VALUES (32, 'Data Analytics');
INSERT INTO specializations VALUES (33, 'Game Design');
INSERT INTO specializations VALUES (33, 'Parallel Computing');
INSERT INTO specializations VALUES (34, 'Computer Security');
INSERT INTO specializations VALUES (34, 'Computer Networking');
INSERT INTO specializations VALUES (35, 'Database Systems');
INSERT INTO specializations VALUES (36, 'Algorithms and Theory');
INSERT INTO specializations VALUES (36, 'Artificial Intelligence');
INSERT INTO specializations VALUES (36, 'Game Design');
INSERT INTO specializations VALUES (36, 'Computer Security');
INSERT INTO specializations VALUES (36, 'Database Systems');
INSERT INTO specializations VALUES (37, 'Computer Networking');
INSERT INTO specializations VALUES (37, 'Parallel Computing');
INSERT INTO specializations VALUES (37, 'Software Engineering');
INSERT INTO specializations VALUES (37, 'Data Analytics');
INSERT INTO specializations VALUES (37, 'Programming Languages');
INSERT INTO specializations VALUES (38, 'Algorithms and Theory');
INSERT INTO specializations VALUES (38, 'Game Design');
INSERT INTO specializations VALUES (38, 'Database Systems');
INSERT INTO specializations VALUES (38, 'Parallel Computing');
INSERT INTO specializations VALUES (38, 'Data Analytics');
INSERT INTO specializations VALUES (39, 'Artificial Intelligence');
INSERT INTO specializations VALUES (39, 'Computer Security');
INSERT INTO specializations VALUES (39, 'Computer Networking');
INSERT INTO specializations VALUES (39, 'Software Engineering');
INSERT INTO specializations VALUES (39, 'Programming Languages');
INSERT INTO specializations VALUES (40, 'Algorithms and Theory');
INSERT INTO specializations VALUES (40, 'Computer Networking');
INSERT INTO specializations VALUES (40, 'Software Engineering');

INSERT INTO courses VALUES (1, 1, 'Algorithms', 'Learn all about algorithms!', 'Algorithms and Theory');
INSERT INTO courses VALUES (2, 2, 'Artificial Intelligence', 'Learn about AI', 'Artificial Intelligence');
INSERT INTO courses VALUES (3, 3, 'Game Design', 'Design the best games', 'Game Design');
INSERT INTO courses VALUES (4, 1, 'Computer Security', 'Secure your computers', 'Computer Security');
INSERT INTO courses VALUES (5, 2, 'Database Systems', 'Learn about databases', 'Database Systems');
INSERT INTO courses VALUES (6, 3, 'Computer Networking', 'Learn about networks', 'Computer Networking');
INSERT INTO courses VALUES (7, 1, 'Parallel Computing', 'Learn about parallelism', 'Parallel Computing');
INSERT INTO courses VALUES (8, 2, 'Software Engineering', 'Learn about software engineering', 'Software Engineering');
INSERT INTO courses VALUES (9, 3, 'Data Analytics', 'Learn about data analytics', 'Data Analytics');
INSERT INTO courses VALUES (10, 1, 'Programming Languages', 'Learn about programming', 'Programming Languages');

INSERT INTO rooms VALUES (1, '01-01', 20);
INSERT INTO rooms VALUES (2, '01-02', 20);
INSERT INTO rooms VALUES (3, '01-03', 20);
INSERT INTO rooms VALUES (4, '01-04', 20);
INSERT INTO rooms VALUES (5, '01-05', 20);
INSERT INTO rooms VALUES (6, '02-01', 25);
INSERT INTO rooms VALUES (7, '02-02', 25);
INSERT INTO rooms VALUES (8, '02-03', 25);
INSERT INTO rooms VALUES (9, '02-04', 25);
INSERT INTO rooms VALUES (10, '02-05', 25);
INSERT INTO rooms VALUES (11, '03-01', 30);
INSERT INTO rooms VALUES (12, '03-02', 30);
INSERT INTO rooms VALUES (13, '03-03', 30);
INSERT INTO rooms VALUES (14, '03-04', 30);
INSERT INTO rooms VALUES (15, '03-05', 30);
INSERT INTO rooms VALUES (16, '04-01', 35);
INSERT INTO rooms VALUES (17, '04-02', 35);
INSERT INTO rooms VALUES (18, '04-03', 35);
INSERT INTO rooms VALUES (19, '04-04', 35);
INSERT INTO rooms VALUES (20, '04-05', 35);
INSERT INTO rooms VALUES (21, '05-01', 40);
INSERT INTO rooms VALUES (22, '05-02', 40);
INSERT INTO rooms VALUES (23, '05-03', 40);
INSERT INTO rooms VALUES (24, '05-04', 40);
INSERT INTO rooms VALUES (25, '05-05', 40);

INSERT INTO courseofferings VALUES (1, '2021-03-23', '2021-06-02', '2021-06-02', '2021-05-23', 10, 100.00, 40, 1, 1);
INSERT INTO courseofferings VALUES (2, '2021-03-23', '2021-06-03', '2021-06-03', '2021-05-23', 11, 100.00, 40, 2, 2);
INSERT INTO courseofferings VALUES (3, '2021-03-23', '2021-06-04', '2021-06-04', '2021-05-23', 12, 100.00, 40, 3, 3);
INSERT INTO courseofferings VALUES (4, '2021-03-23', '2021-06-02', '2021-06-02', '2021-05-23', 13, 100.00, 40, 4, 4);
INSERT INTO courseofferings VALUES (5, '2021-03-23', '2021-06-03', '2021-06-03', '2021-05-23', 14, 100.00, 40, 5, 5);
INSERT INTO courseofferings VALUES (6, '2021-03-23', '2021-06-04', '2021-06-04', '2021-05-23', 15, 100.00, 50, 6, 6);
INSERT INTO courseofferings VALUES (7, '2021-03-23', '2021-06-07', '2021-06-07', '2021-05-23', 16, 100.00, 50, 6, 7);
INSERT INTO courseofferings VALUES (8, '2021-03-23', '2021-06-08', '2021-06-08', '2021-05-23', 17, 100.00, 50, 8, 8);
INSERT INTO courseofferings VALUES (9, '2021-03-23', '2021-06-09', '2021-06-09', '2021-05-23', 18, 100.00, 50, 6, 9);
INSERT INTO courseofferings VALUES (10, '2021-03-23', '2021-06-02', '2021-06-02', '2021-05-23', 19, 100.00, 50, 10, 10);
INSERT INTO courseofferings VALUES (11, '2021-03-08', '2021-05-19', '2021-05-19', '2021-05-08', 10, 100.00, 80, 1, 1);
INSERT INTO courseofferings VALUES (12, '2021-03-09', '2021-05-20', '2021-05-20', '2021-05-09', 10, 100.00, 80, 1, 1);
INSERT INTO courseofferings VALUES (13, '2021-03-10', '2021-05-21', '2021-05-21', '2021-05-10', 10, 100.00, 40, 1, 2);
INSERT INTO courseofferings VALUES (14, '2021-03-13', '2021-05-24', '2021-05-24', '2021-05-13', 10, 100.00, 40, 1, 3);
INSERT INTO courseofferings VALUES (15, '2021-03-14', '2021-05-25', '2021-05-25', '2021-05-14', 10, 100.00, 50, 1, 4);
INSERT INTO courseofferings VALUES (16, '2021-03-15', '2021-05-26', '2021-05-26', '2021-05-15', 10, 100.00, 70, 1, 4);
INSERT INTO courseofferings VALUES (17, '2021-03-16', '2021-05-27', '2021-05-27', '2021-05-16', 10, 100.00, 60, 5, 5);
INSERT INTO courseofferings VALUES (18, '2021-03-20', '2021-05-31', '2021-05-31', '2021-05-20', 10, 100.00, 40, 3, 6);
INSERT INTO courseofferings VALUES (19, '2021-03-20', '2021-05-31', '2021-05-31', '2021-05-20', 10, 100.00, 40, 4, 7);
INSERT INTO courseofferings VALUES (20, '2021-03-21', '2021-06-01', '2021-06-01', '2021-05-21', 10, 100.00, 50, 10, 8);
INSERT INTO courseofferings VALUES (21, '2021-03-22', '2021-06-02', '2021-06-02', '2021-05-22', 10, 100.00, 80, 10, 9);
INSERT INTO courseofferings VALUES (22, '2021-03-24', '2021-06-03', '2021-06-03', '2021-05-23', 10, 100.00, 80, 2, 10);

INSERT INTO sessions VALUES (1, 1, '2021-06-02 11:00:00', '2021-06-02 12:00:00', '2021-06-02', '2021-05-26', 21, 1, 1);
INSERT INTO sessions VALUES (2, 1, '2021-06-03 10:00:00', '2021-06-03 12:00:00', '2021-06-03', '2021-05-27', 21, 2, 2);
INSERT INTO sessions VALUES (3, 1, '2021-06-04 09:00:00', '2021-06-04 12:00:00', '2021-06-04', '2021-05-28', 22, 3, 3);
INSERT INTO sessions VALUES (4, 1, '2021-06-02 17:00:00', '2021-06-02 18:00:00', '2021-06-02', '2021-05-26', 22, 4, 4);
INSERT INTO sessions VALUES (5, 1, '2021-06-03 16:00:00', '2021-06-03 18:00:00', '2021-06-03', '2021-05-27', 23, 5, 5);
INSERT INTO sessions VALUES (6, 1, '2021-06-04 15:00:00', '2021-06-04 18:00:00', '2021-06-04', '2021-05-28', 23, 6, 6);
INSERT INTO sessions VALUES (7, 1, '2021-06-07 17:00:00', '2021-06-07 18:00:00', '2021-06-07', '2021-05-31', 24, 7, 7);
INSERT INTO sessions VALUES (8, 1, '2021-06-08 16:00:00', '2021-06-08 18:00:00', '2021-06-08', '2021-06-01', 24, 8, 8);
INSERT INTO sessions VALUES (9, 1, '2021-06-09 15:00:00', '2021-06-09 18:00:00', '2021-06-09', '2021-06-02', 30, 9, 9);
INSERT INTO sessions VALUES (10, 1, '2021-06-02 17:00:00', '2021-06-02 18:00:00', '2021-06-02', '2021-05-26', 30, 10, 10);
INSERT INTO sessions VALUES (11, 1, '2021-05-19 11:00:00', '2021-05-19 12:00:00', '2021-05-19', '2021-05-12', 21, 11, 21);
INSERT INTO sessions VALUES (12, 1, '2021-05-20 11:00:00', '2021-05-20 12:00:00', '2021-05-20', '2021-05-13', 21, 12, 21);
INSERT INTO sessions VALUES (13, 1, '2021-05-21 09:00:00', '2021-05-21 11:00:00', '2021-05-21', '2021-05-14', 21, 13, 3);
INSERT INTO sessions VALUES (14, 1, '2021-05-24 09:00:00', '2021-05-24 12:00:00', '2021-05-24', '2021-05-17', 22, 14, 3);
INSERT INTO sessions VALUES (15, 1, '2021-05-25 09:00:00', '2021-05-25 10:00:00', '2021-05-25', '2021-05-18', 22, 15, 6);
INSERT INTO sessions VALUES (16, 1, '2021-05-26 14:00:00', '2021-05-26 15:00:00', '2021-05-26', '2021-05-19', 22, 16, 17);
INSERT INTO sessions VALUES (17, 1, '2021-05-27 16:00:00', '2021-05-27 18:00:00', '2021-05-27', '2021-05-20', 23, 17, 14);
INSERT INTO sessions VALUES (18, 1, '2021-05-31 09:00:00', '2021-05-31 12:00:00', '2021-05-31', '2021-05-24', 23, 18, 2);
INSERT INTO sessions VALUES (19, 1, '2021-05-31 14:00:00', '2021-05-31 15:00:00', '2021-05-31', '2021-05-24', 24, 19, 4);
INSERT INTO sessions VALUES (20, 1, '2021-06-01 10:00:00', '2021-06-01 12:00:00', '2021-06-01', '2021-05-25', 24, 20, 6);
INSERT INTO sessions VALUES (21, 1, '2021-06-02 15:00:00', '2021-06-02 18:00:00', '2021-06-02', '2021-05-26', 32, 21, 23);
INSERT INTO sessions VALUES (22, 1, '2021-06-03 15:00:00', '2021-06-03 16:00:00', '2021-06-03', '2021-05-27', 30, 22, 24);

INSERT INTO registers VALUES ('2021-04-10', 2, 12, '3487730179254246');
INSERT INTO registers VALUES ('2021-04-10', 4, 14, '6011160715370157');
INSERT INTO registers VALUES ('2021-04-10', 6, 16, '4209949185032728');
INSERT INTO registers VALUES ('2021-04-10', 8, 18, '3674217885515676');
INSERT INTO registers VALUES ('2021-04-10', 10, 20, '4246936242452879');

INSERT INTO redeems VALUES ('2021-04-10', 1, 2, 1);
INSERT INTO redeems VALUES ('2021-04-10', 1, 2, 2);
INSERT INTO redeems VALUES ('2021-04-10', 1, 3, 3);
INSERT INTO redeems VALUES ('2021-04-10', 2, 3, 3);
INSERT INTO redeems VALUES ('2021-04-10', 2, 4, 4);
INSERT INTO redeems VALUES ('2021-04-10', 3, 4, 4);
INSERT INTO redeems VALUES ('2021-04-10', 4, 4, 4);
INSERT INTO redeems VALUES ('2021-04-10', 2, 5, 5);
INSERT INTO redeems VALUES ('2021-04-10', 3, 5, 5);
INSERT INTO redeems VALUES ('2021-04-10', 4, 5, 5);
INSERT INTO redeems VALUES ('2021-04-10', 5, 5, 5);
INSERT INTO redeems VALUES ('2021-04-10', 2, 6, 6);
INSERT INTO redeems VALUES ('2021-04-10', 3, 6, 6);
INSERT INTO redeems VALUES ('2021-04-10', 4, 6, 6);
INSERT INTO redeems VALUES ('2021-04-10', 5, 6, 6);
INSERT INTO redeems VALUES ('2021-04-10', 6, 6, 6);
INSERT INTO redeems VALUES ('2021-04-10', 2, 7, 7);
INSERT INTO redeems VALUES ('2021-04-10', 3, 7, 7);
INSERT INTO redeems VALUES ('2021-04-10', 4, 7, 7);
INSERT INTO redeems VALUES ('2021-04-10', 5, 7, 7);
INSERT INTO redeems VALUES ('2021-04-10', 6, 7, 7);
INSERT INTO redeems VALUES ('2021-04-10', 7, 7, 7);
INSERT INTO redeems VALUES ('2021-04-10', 2, 8, 8);
INSERT INTO redeems VALUES ('2021-04-10', 3, 8, 8);
INSERT INTO redeems VALUES ('2021-04-10', 4, 8, 8);
INSERT INTO redeems VALUES ('2021-04-10', 5, 8, 8);
INSERT INTO redeems VALUES ('2021-04-10', 6, 8, 8);
INSERT INTO redeems VALUES ('2021-04-10', 7, 8, 8);
INSERT INTO redeems VALUES ('2021-04-10', 8, 8, 8);
INSERT INTO redeems VALUES ('2021-04-10', 2, 9, 9);
INSERT INTO redeems VALUES ('2021-04-10', 3, 9, 9);
INSERT INTO redeems VALUES ('2021-04-10', 4, 9, 9);
INSERT INTO redeems VALUES ('2021-04-10', 5, 9, 9);
INSERT INTO redeems VALUES ('2021-04-10', 6, 9, 9);
INSERT INTO redeems VALUES ('2021-04-10', 7, 9, 9);
INSERT INTO redeems VALUES ('2021-04-10', 8, 9, 9);
INSERT INTO redeems VALUES ('2021-04-10', 9, 9, 9);
INSERT INTO redeems VALUES ('2021-04-10', 2, 10, 10);
INSERT INTO redeems VALUES ('2021-04-10', 3, 10, 10);
INSERT INTO redeems VALUES ('2021-04-10', 4, 10, 10);
INSERT INTO redeems VALUES ('2021-04-10', 5, 10, 10);
INSERT INTO redeems VALUES ('2021-04-10', 6, 10, 10);
INSERT INTO redeems VALUES ('2021-04-10', 7, 10, 10);
INSERT INTO redeems VALUES ('2021-04-10', 8, 10, 10);
INSERT INTO redeems VALUES ('2021-04-10', 9, 10, 10);
INSERT INTO redeems VALUES ('2021-04-10', 10, 10, 10);

INSERT INTO cancels VALUES ('2021-04-10', 0.00, 1, 2, 2);
INSERT INTO cancels VALUES ('2021-04-10', 0.00, 1, 3, 3);
INSERT INTO cancels VALUES ('2021-04-10', 0.00, 1, 4, 1);
INSERT INTO cancels VALUES ('2021-04-10', 0.00, 1, 5, 1);
INSERT INTO cancels VALUES ('2021-04-10', 0.00, 1, 6, 1);
INSERT INTO cancels VALUES ('2021-04-10', 0.00, 1, 7, 1);
INSERT INTO cancels VALUES ('2021-04-10', 0.00, 1, 8, 1);
INSERT INTO cancels VALUES ('2021-04-10', 0.00, 1, 9, 1);
INSERT INTO cancels VALUES ('2021-04-10', 0.00, 1, 10, 1);
INSERT INTO cancels VALUES ('2021-04-10', 90.00, 0, 1, 11);
INSERT INTO cancels VALUES ('2021-04-10', 90.00, 0, 3, 13);
INSERT INTO cancels VALUES ('2021-04-10', 90.00, 0, 5, 15);
INSERT INTO cancels VALUES ('2021-04-10', 90.00, 0, 7, 17);
INSERT INTO cancels VALUES ('2021-04-10', 90.00, 0, 9, 19);

INSERT INTO fulltimesalary VALUES (3000.00, '2021-04-30', 30, 1);
INSERT INTO fulltimesalary VALUES (3000.00, '2021-04-30', 30, 2);
INSERT INTO fulltimesalary VALUES (3000.00, '2021-04-30', 30, 3);
INSERT INTO fulltimesalary VALUES (3000.00, '2021-04-30', 30, 4);
INSERT INTO fulltimesalary VALUES (3000.00, '2021-04-30', 30, 5);
INSERT INTO fulltimesalary VALUES (3000.00, '2021-04-30', 30, 6);
INSERT INTO fulltimesalary VALUES (3000.00, '2021-04-30', 30, 7);
INSERT INTO fulltimesalary VALUES (3000.00, '2021-04-30', 30, 8);
INSERT INTO fulltimesalary VALUES (3000.00, '2021-04-30', 30, 9);
INSERT INTO fulltimesalary VALUES (3000.00, '2021-04-30', 30, 10);
INSERT INTO fulltimesalary VALUES (4000.00, '2021-04-30', 30, 11);
INSERT INTO fulltimesalary VALUES (4000.00, '2021-04-30', 30, 12);
INSERT INTO fulltimesalary VALUES (4000.00, '2021-04-30', 30, 13);
INSERT INTO fulltimesalary VALUES (4000.00, '2021-04-30', 30, 14);
INSERT INTO fulltimesalary VALUES (4000.00, '2021-04-30', 30, 15);
INSERT INTO fulltimesalary VALUES (4000.00, '2021-04-30', 30, 16);
INSERT INTO fulltimesalary VALUES (4000.00, '2021-04-30', 30, 17);
INSERT INTO fulltimesalary VALUES (4000.00, '2021-04-30', 30, 18);
INSERT INTO fulltimesalary VALUES (4000.00, '2021-04-30', 30, 19);
INSERT INTO fulltimesalary VALUES (4000.00, '2021-04-30', 30, 20);
INSERT INTO fulltimesalary VALUES (5000.00, '2021-04-30', 30, 21);
INSERT INTO fulltimesalary VALUES (5000.00, '2021-04-30', 30, 22);
INSERT INTO fulltimesalary VALUES (5000.00, '2021-04-30', 30, 23);
INSERT INTO fulltimesalary VALUES (5000.00, '2021-04-30', 30, 24);
INSERT INTO fulltimesalary VALUES (5000.00, '2021-04-30', 30, 26);
INSERT INTO fulltimesalary VALUES (5000.00, '2021-04-30', 30, 27);

INSERT INTO parttimesalary VALUES (0.00, '2021-04-30', 0, 31);
INSERT INTO parttimesalary VALUES (0.00, '2021-04-30', 0, 32);
INSERT INTO parttimesalary VALUES (0.00, '2021-04-30', 0, 33);
INSERT INTO parttimesalary VALUES (0.00, '2021-04-30', 0, 34);
INSERT INTO parttimesalary VALUES (0.00, '2021-04-30', 0, 35);
INSERT INTO parttimesalary VALUES (0.00, '2021-04-30', 0, 36);
INSERT INTO parttimesalary VALUES (0.00, '2021-04-30', 0, 37);
INSERT INTO parttimesalary VALUES (0.00, '2021-04-30', 0, 38);
INSERT INTO parttimesalary VALUES (0.00, '2021-04-30', 0, 39);